btw261,-2
properties212,-3
fall201,-1
laarch314,-2
ie413,-3
psyc250,-1
ece391,-5
pscy238,-1
me200,-3
wikinetscp300,-2
kingsiheng126,-1
eo115,-2
scp300,-4
me300,-1
kcomevents209,-1
math220,-1
kcomevents203,-2
mnewslocal201,-2
dambarnett120,-2
fin221,-2
cs242,-2
tobamacare330,-1
newsletter171,-1
cs482,-3
me445,-3
adv305,-1
rip391,-1
spring201,-1
phys212,-2
uofivideos101,-1
math234,-1
ae321,-2
ewaptcomev201,-1
ece411,-4
almostgrad100,-1
cs101,-1
anth101,-2
cs105,-1
la314,-1
cs225,-4
llinoisedu100,-1
ib105,-4
adereports201,-3
ib100,-1
arch314,-3
cs241,-3
ib303,-1
stat432,-1
cs361,-2
npre402,-1
clcv115,-1
